DateTime,Value
2017-01-01,14182
2017-01-02,14216
2017-01-03,14219
2017-01-04,14217
2017-01-05,14217
2017-01-06,14226
2017-01-07,14203
2017-01-08,14201
2017-01-09,14209
2017-01-10,14213
2017-01-11,14236
2017-01-12,14220
2017-01-13,14207
2017-01-14,14205
2017-01-15,14202
2017-01-16,14203
2017-01-17,14184
2017-01-18,14184
2017-01-19,14165
2017-01-20,14142
2017-01-21,14134
2017-01-22,14130
2017-01-23,14138
2017-01-24,14135
2017-01-25,14140
2017-01-26,14134
2017-01-27,14134
2017-01-28,14154
2017-01-29,14161
2017-01-30,14164
2017-01-31,14186
2017-02-01,14176
2017-02-02,14181
2017-02-03,14183
2017-02-04,14140
2017-02-05,14148
2017-02-06,14146
2017-02-07,14148
2017-02-08,14148
2017-02-09,14152
2017-02-10,14148
2017-02-11,14149
2017-02-12,14152
2017-02-13,14163
2017-02-14,14167
2017-02-15,14168
2017-02-16,14186
2017-02-17,14174
2017-02-18,14192
2017-02-19,14194
2017-02-20,14196
2017-02-21,14201
2017-02-22,14205
2017-02-23,14197
2017-02-24,14209
2017-02-25,14218
2017-02-26,14212
2017-02-27,14205
2017-02-28,14195
2017-03-01,14175
2017-03-02,14168
2017-03-03,14167
2017-03-04,14162
2017-03-05,14156
2017-03-06,14180
2017-03-07,14179
2017-03-08,14195
2017-03-09,14198
2017-03-10,14190
2017-03-11,14193
2017-03-12,14191
2017-03-13,14205
2017-03-14,14204
2017-03-15,14205
2017-03-16,14184
2017-03-17,14179
2017-03-18,14180
2017-03-19,14128
2017-03-20,14127
2017-03-21,14134
2017-03-22,14133
2017-03-23,14134
2017-03-24,14133
2017-03-25,14134
2017-03-26,14136
2017-03-27,14133
2017-03-28,14140
2017-03-29,14146
2017-03-30,14164
2017-03-31,14165
2017-04-01,14163
2017-04-02,14180
2017-04-03,14191
2017-04-04,14189
2017-04-05,14181
2017-04-06,14191
2017-04-07,14183
2017-04-08,14146
2017-04-09,14165
2017-04-10,14159
2017-04-11,14171
2017-04-12,14141
2017-04-13,14152
2017-04-14,14156
2017-04-15,14164
2017-04-16,14153
2017-04-17,14130
2017-04-18,14132
2017-04-19,14130
2017-04-20,14120
2017-04-21,14115
2017-04-22,14123
2017-04-23,14145
2017-04-24,14154
2017-04-25,14194
2017-04-26,14195
2017-04-27,14202
2017-04-28,14205
2017-04-29,14210
2017-04-30,14207
2017-05-01,14203
2017-05-02,14211
2017-05-03,14210
2017-05-04,14224
2017-05-05,14239
2017-05-06,14242
2017-05-07,14250
2017-05-08,14236
2017-05-09,14253
2017-05-10,14256
2017-05-11,14265
2017-05-12,14286
2017-05-13,14284
2017-05-14,14278
2017-05-15,14278
2017-05-16,14278
2017-05-17,14285
2017-05-18,14293
2017-05-19,14306
2017-05-20,14321
2017-05-21,14322
2017-05-22,14325
2017-05-23,14333
2017-05-24,14326
2017-05-25,14335
2017-05-26,14339
2017-05-27,14339
2017-05-28,14354
2017-05-29,14350
2017-05-30,14348
2017-05-31,14350
2017-06-01,14355
2017-06-02,14355
2017-06-03,14368
2017-06-04,14366
2017-06-05,14369
2017-06-06,14380
2017-06-07,14408
2017-06-08,14418
2017-06-09,14437
2017-06-10,14435
2017-06-11,14441
2017-06-12,14451
2017-06-13,14465
2017-06-14,14467
2017-06-15,14477
2017-06-16,14474
2017-06-17,14481
2017-06-18,14484
2017-06-19,14474
2017-06-20,14476
2017-06-21,14512
2017-06-22,14517
2017-06-23,14533
2017-06-24,14530
2017-06-25,14533
2017-06-26,14501
2017-06-27,14514
2017-06-28,14548
2017-06-29,14592
2017-06-30,14593
2017-07-01,14554
2017-07-02,14555
2017-07-03,14574
2017-07-04,14576
2017-07-05,14558
2017-07-06,14573
2017-07-07,14567
2017-07-08,14562
2017-07-09,14566
2017-07-10,14591
2017-07-11,14595
2017-07-12,14594
2017-07-13,14602
2017-07-14,14606
2017-07-15,14606
2017-07-16,14605
2017-07-17,14613
2017-07-18,14610
2017-07-19,14599
2017-07-20,14596
2017-07-21,14609
2017-07-22,14633
2017-07-23,14638
2017-07-24,14641
2017-07-25,14635
2017-07-26,14597
2017-07-27,14594
2017-07-28,14597
2017-07-29,14612
2017-07-30,14617
2017-07-31,14626
2017-08-01,14646
2017-08-02,14682
2017-08-03,14688
2017-08-04,14700
2017-08-05,14703
2017-08-06,14714
2017-08-07,14716
2017-08-08,14748
2017-08-09,14760
2017-08-10,14757
2017-08-11,14770
2017-08-12,14803
2017-08-13,14820
2017-08-14,14819
2017-08-15,14829
2017-08-16,14845
2017-08-17,14845
2017-08-18,14826
2017-08-19,14861
2017-08-20,14860
2017-08-21,14871
2017-08-22,14860
2017-08-23,14870
2017-08-24,14867
2017-08-25,14892
2017-08-26,14897
2017-08-27,14886
2017-08-28,14889
2017-08-29,14883
2017-08-30,14883
2017-08-31,14893
2017-09-01,14903
2017-09-02,14899
2017-09-03,14901
2017-09-04,14901
2017-09-05,14911
2017-09-06,14915
2017-09-07,14930
2017-09-08,14926
2017-09-09,14917
2017-09-10,14914
2017-09-11,14896
2017-09-12,14917
2017-09-13,14922
2017-09-14,14919
2017-09-15,14916
2017-09-16,14920
2017-09-17,14923
2017-09-18,14940
2017-09-19,14941
2017-09-20,14944
2017-09-21,14953
2017-09-22,14947
2017-09-23,14962
2017-09-24,14964
2017-09-25,14962
2017-09-26,14974
2017-09-27,14976
2017-09-28,14972
2017-09-29,14933
2017-09-30,14943
2017-10-01,14943
2017-10-02,14938
2017-10-03,14939
2017-10-04,14928
2017-10-05,14927
2017-10-06,14927
2017-10-07,14930
2017-10-08,14931
2017-10-09,14924
2017-10-10,14930
2017-10-11,14931
2017-10-12,14930
2017-10-13,14917
2017-10-14,14915
2017-10-15,14934
2017-10-16,14945
2017-10-17,14946
2017-10-18,14950
2017-10-19,14948
2017-10-20,14950
2017-10-21,14948
2017-10-22,14954
2017-10-23,14961
2017-10-24,14945
2017-10-25,14953
2017-10-26,14977
2017-10-27,14977
2017-10-28,14984
2017-10-29,14982
2017-10-30,14988
2017-10-31,14994
2017-11-01,14992
2017-11-02,14998
2017-11-03,15006
2017-11-04,15008
2017-11-05,15010
2017-11-06,15025
2017-11-07,15030
2017-11-08,15031
2017-11-09,15046
2017-11-10,15051
2017-11-11,15010
2017-11-12,15016
2017-11-13,15064
2017-11-14,15132
2017-11-15,15131
2017-11-16,15154
2017-11-17,15146
2017-11-18,15155
2017-11-19,15156
2017-11-20,15207
2017-11-21,15208
2017-11-22,15217
2017-11-23,15216
2017-11-24,15222
2017-11-25,15226
2017-11-26,15218
2017-11-27,15238
2017-11-28,15278
2017-11-29,15295
2017-11-30,15308
2017-12-01,15314
2017-12-02,15327
2017-12-03,15320
2017-12-04,15324
2017-12-05,15348
2017-12-06,15363
2017-12-07,15421
2017-12-08,15423
2017-12-09,15422
2017-12-10,15429
2017-12-11,15451
2017-12-12,15449
2017-12-13,15459
2017-12-14,15435
2017-12-15,15457
2017-12-16,15459
2017-12-17,15451
2017-12-18,15451
2017-12-19,15447
2017-12-20,15437
2017-12-21,15440
2017-12-22,15439
2017-12-23,15429
2017-12-24,15429
2017-12-25,15430
2017-12-26,15434
2017-12-27,15433
2017-12-28,15434
2017-12-29,15432
2017-12-30,15434
2017-12-31,15431
2018-01-01,15431
2018-01-02,15434
2018-01-03,15435
2018-01-04,15460
2018-01-05,15487
2018-01-06,15490
2018-01-07,15500
2018-01-08,15508
2018-01-09,15519
2018-01-10,15522
2018-01-11,15555
2018-01-12,15553
2018-01-13,15560
2018-01-14,15551
2018-01-15,15542
2018-01-16,15518
2018-01-17,15521
2018-01-18,15531
2018-01-19,15544
2018-01-20,15560
2018-01-21,15587
2018-01-22,15595
2018-01-23,15611
2018-01-24,15630
2018-01-25,15631
2018-01-26,15651
2018-01-27,15656
2018-01-28,15665
2018-01-29,15662
2018-01-30,15668
2018-01-31,15676
2018-02-01,15679
2018-02-02,15688
2018-02-03,15689
2018-02-04,15691
2018-02-05,15714
2018-02-06,15716
2018-02-07,15727
2018-02-08,15735
2018-02-09,15746
2018-02-10,15746
2018-02-11,15760
2018-02-12,15773
2018-02-13,15787
2018-02-14,15821
2018-02-15,15822
2018-02-16,15838
2018-02-17,15827
2018-02-18,15838
2018-02-19,15842
2018-02-20,15855
2018-02-21,15852
2018-02-22,15860
2018-02-23,15890
2018-02-24,15902
2018-02-25,15930
2018-02-26,15933
2018-02-27,15952
2018-02-28,15958
2018-03-01,15984
2018-03-02,15992
2018-03-03,16019
2018-03-04,16021
2018-03-05,16032
2018-03-06,16044
2018-03-07,16049
2018-03-08,16061
2018-03-09,16071
2018-03-10,16080
2018-03-11,16081
2018-03-12,16094
2018-03-13,16104
2018-03-14,16107
2018-03-15,16098
2018-03-16,16101
2018-03-17,16102
2018-03-18,16100
2018-03-19,16109
2018-03-20,16122
2018-03-21,16138
2018-03-22,16158
2018-03-23,16208
2018-03-24,16208
2018-03-25,16215
2018-03-26,16220
2018-03-27,16224
2018-03-28,16244
2018-03-29,16237
2018-03-30,16228
2018-03-31,16227
2018-04-01,16235
2018-04-02,16266
2018-04-03,16283
2018-04-04,16323
2018-04-05,16347
2018-04-06,16380
2018-04-07,16382
2018-04-08,16389
2018-04-09,16414
2018-04-10,16425
2018-04-11,16436
2018-04-12,16472
2018-04-13,16500
2018-04-14,16503
2018-04-15,16502
2018-04-16,16536
2018-04-17,16545
2018-04-18,16539
2018-04-19,16550
2018-04-20,16532
2018-04-21,16554
2018-04-22,16561
2018-04-23,16580
2018-04-24,16658
2018-04-25,16658
2018-04-26,16648
2018-04-27,16660
2018-04-28,16661
2018-04-29,16674
2018-04-30,16671
2018-05-01,16698
2018-05-02,16724
2018-05-03,16730
2018-05-04,16720
2018-05-05,16730
2018-05-06,16738
2018-05-07,16736
2018-05-08,16727
2018-05-09,16765
2018-05-10,16780
2018-05-11,16772
2018-05-12,16776
2018-05-13,16779
2018-05-14,16773
2018-05-15,16769
2018-05-16,16781
2018-05-17,16792
2018-05-18,16797
2018-05-19,16801
2018-05-20,16803
2018-05-21,16821
2018-05-22,16837
2018-05-23,16848
2018-05-24,16866
2018-05-25,16868
2018-05-26,16877
2018-05-27,16897
2018-05-28,16899
2018-05-29,16910
2018-05-30,16913
2018-05-31,16916
2018-06-01,16933
2018-06-02,16954
2018-06-03,16958
2018-06-04,16941
2018-06-05,16975
2018-06-06,16968
2018-06-07,16979
2018-06-08,16995
2018-06-09,16995
2018-06-10,16994
2018-06-11,17013
2018-06-12,17022
2018-06-13,17035
2018-06-14,17031
2018-06-15,17049
2018-06-16,17085
2018-06-17,17088
2018-06-18,17101
2018-06-19,17130
2018-06-20,17162
2018-06-21,17181
2018-06-22,17193
2018-06-23,17198
2018-06-24,17202
2018-06-25,17214
2018-06-26,17226
2018-06-27,17213
2018-06-28,17213
2018-06-29,17216
2018-06-30,17216
2018-07-01,17234
2018-07-02,17263
2018-07-03,17269
2018-07-04,17264
2018-07-05,17277
2018-07-06,17279
2018-07-07,17272
2018-07-08,17270
2018-07-09,17267
2018-07-10,17262
2018-07-11,17288
2018-07-12,17349
2018-07-13,17358
2018-07-14,17370
2018-07-15,17372
2018-07-16,17397
2018-07-17,17364
2018-07-18,17366
2018-07-19,17367
2018-07-20,17365
2018-07-21,17354
2018-07-22,17363
2018-07-23,17363
2018-07-24,17362
2018-07-25,17366
2018-07-26,17360
2018-07-27,17379
2018-07-28,17384
2018-07-29,17371
2018-07-30,17370
2018-07-31,17392
2018-08-01,17407
2018-08-02,17491
2018-08-03,17502
2018-08-04,17519
2018-08-05,17515
2018-08-06,17511
2018-08-07,17523
2018-08-08,17543
2018-08-09,17548
2018-08-10,17628
2018-08-11,17595
2018-08-12,17595
2018-08-13,17639
2018-08-14,17641
2018-08-15,17676
2018-08-16,17677
2018-08-17,17671
2018-08-18,17698
2018-08-19,17709
2018-08-20,17668
2018-08-21,17821
2018-08-22,17816
2018-08-23,17827
2018-08-24,17842
2018-08-25,17838
2018-08-26,17832
2018-08-27,17852
2018-08-28,17859
2018-08-29,17855
2018-08-30,17860
2018-08-31,17875
2018-09-01,17875
2018-09-02,17893
2018-09-03,17891
2018-09-04,17890
2018-09-05,17869
2018-09-06,17906
2018-09-07,17913
2018-09-08,17914
2018-09-09,17912
2018-09-10,17942
2018-09-11,17958
2018-09-12,17953
2018-09-13,17962
2018-09-14,17959
2018-09-15,17946
2018-09-16,17966
2018-09-17,17954
2018-09-18,17958
2018-09-19,17945
2018-09-20,17946
2018-09-21,17873
2018-09-22,17855
2018-09-23,17879
2018-09-24,17864
2018-09-25,17895
2018-09-26,17942
2018-09-27,17936
2018-09-28,17933
2018-09-29,17955
2018-09-30,17950
2018-10-01,17956
2018-10-02,17949
2018-10-03,17933
2018-10-04,17943
2018-10-05,17946
2018-10-06,17920
2018-10-07,17930
2018-10-08,17945
2018-10-09,17948
2018-10-10,17949
2018-10-11,17962
2018-10-12,17967
2018-10-13,17962
2018-10-14,17955
2018-10-15,17961
2018-10-16,17966
2018-10-17,17973
2018-10-18,17957
2018-10-19,17970
2018-10-20,17944
2018-10-21,17946
2018-10-22,17938
2018-10-23,17940
2018-10-24,17929
2018-10-25,17917
2018-10-26,17890
2018-10-27,17889
2018-10-28,17897
2018-10-29,17937
2018-10-30,17969
2018-10-31,17953
2018-11-01,17944
2018-11-02,17984
2018-11-03,17974
2018-11-04,17979
2018-11-05,17982
2018-11-06,17991
2018-11-07,18020
2018-11-08,18034
2018-11-09,17999
2018-11-10,18003
2018-11-11,18011
2018-11-12,18024
2018-11-13,18058
2018-11-14,18081
2018-11-15,18098
2018-11-16,18139
2018-11-17,18153
2018-11-18,18148
2018-11-19,18141
2018-11-20,18150
2018-11-21,18147
2018-11-22,18142
2018-11-23,18155
2018-11-24,18169
2018-11-25,18180
2018-11-26,18181
2018-11-27,18190
2018-11-28,18199
2018-11-29,18198
2018-11-30,18194
2018-12-01,18186
2018-12-02,18175
2018-12-03,18172
2018-12-04,18209
2018-12-05,18194
2018-12-06,18183
2018-12-07,18187
2018-12-08,18190
2018-12-09,18185
2018-12-10,18177
2018-12-11,18205
2018-12-12,18197
2018-12-13,18209
2018-12-14,18214
2018-12-15,18216
2018-12-16,18212
2018-12-17,18212
2018-12-18,18176
2018-12-19,18193
2018-12-20,18215
2018-12-21,18209
2018-12-22,18205
2018-12-23,18206
2018-12-24,18252
2018-12-25,18245
2018-12-26,18244
2018-12-27,18232
2018-12-28,18238
2018-12-29,18236
2018-12-30,18238
2018-12-31,18227
2019-01-01,18227
2019-01-02,18235
2019-01-03,18239
2019-01-04,18248
2019-01-05,18246
2019-01-06,18243
2019-01-07,18269
2019-01-08,18255
2019-01-09,18244
2019-01-10,18263
2019-01-11,18274
2019-01-12,18325
2019-01-13,18339
2019-01-14,18350
2019-01-15,18384
2019-01-16,18389
2019-01-17,18408
2019-01-18,18312
2019-01-19,18370
2019-01-20,18385
2019-01-21,18375
2019-01-22,18391
2019-01-23,18402
2019-01-24,18384
2019-01-25,18414
2019-01-26,18404
2019-01-27,18440
2019-01-28,18485
2019-01-29,18500
2019-01-30,18503
2019-01-31,18516
2019-02-01,18546
2019-02-02,18534
2019-02-03,18537
2019-02-04,18539
2019-02-05,18539
2019-02-06,18526
2019-02-07,18513
2019-02-08,18565
2019-02-09,18567
2019-02-10,18567
2019-02-11,18570
2019-02-12,18548
2019-02-13,18540
2019-02-14,18533
2019-02-15,18536
2019-02-16,18547
2019-02-17,18499
2019-02-18,18554
2019-02-19,18505
2019-02-20,18536
2019-02-21,18557
2019-02-22,18582
2019-02-23,18585
2019-02-24,18586
2019-02-25,18600
2019-02-26,18595
2019-02-27,18629
2019-02-28,18672
2019-03-01,18710
2019-03-02,18709
2019-03-03,18692
2019-03-04,18711
2019-03-05,18753
2019-03-06,18740
2019-03-07,18733
2019-03-08,18775
2019-03-09,18785
2019-03-10,18783
2019-03-11,18818
2019-03-12,18802
2019-03-13,18766
2019-03-14,18739
2019-03-15,18749
2019-03-16,18719
2019-03-17,18708
2019-03-18,18721
2019-03-19,18781
2019-03-20,18792
2019-03-21,18750
2019-03-22,18734
2019-03-23,18744
2019-03-24,18713
2019-03-25,18698
2019-03-26,18745
2019-03-27,18727
2019-03-28,18757
2019-03-29,18749
2019-03-30,18768
2019-03-31,18778
2019-04-01,18856
2019-04-02,18879
2019-04-03,18914
2019-04-04,18928
2019-04-05,18954
2019-04-06,18998
2019-04-07,19011
2019-04-08,19019
2019-04-09,19054
2019-04-10,19081
2019-04-11,19108
2019-04-12,19082
2019-04-13,19134
2019-04-14,19140
2019-04-15,19131
2019-04-16,19132
2019-04-17,19223
2019-04-18,19247
2019-04-19,19261
2019-04-20,19264
2019-04-21,19279
2019-04-22,19279
2019-04-23,19271
2019-04-24,19309
2019-04-25,19405
2019-04-26,19413
2019-04-27,19430
2019-04-28,19412
2019-04-29,19433
2019-04-30,19464
2019-05-01,19483
2019-05-02,19523
2019-05-03,19547
2019-05-04,19560
2019-05-05,19576
2019-05-06,19556
2019-05-07,19550
2019-05-08,19518
2019-05-09,19500
2019-05-10,19513
2019-05-11,19552
2019-05-12,19549
2019-05-13,19556
2019-05-14,19539
2019-05-15,19596
2019-05-16,19613
2019-05-17,19671
2019-05-18,19684
2019-05-19,19723
2019-05-20,19717
2019-05-21,19674
2019-05-22,19654
2019-05-23,19649
2019-05-24,19703
2019-05-25,19658
2019-05-26,19638
2019-05-27,19613
2019-05-28,19600
2019-05-29,19610
2019-05-30,19624
2019-05-31,19622
2019-06-01,19582
2019-06-02,19634
2019-06-03,19699
2019-06-04,19723
2019-06-05,19744
2019-06-06,19747
2019-06-07,19723
2019-06-08,19768
2019-06-09,19754
2019-06-10,19746
2019-06-11,19728
2019-06-12,19728
2019-06-13,19749
2019-06-14,19778
2019-06-15,19849
2019-06-16,19829
2019-06-17,19899
2019-06-18,19891
2019-06-19,19911
2019-06-20,19897
2019-06-21,19931
2019-06-22,19929
2019-06-23,19931
2019-06-24,19967
2019-06-25,19957
2019-06-26,19934
2019-06-27,19939
2019-06-28,19990
2019-06-29,20016
2019-06-30,20008
2019-07-01,20057
2019-07-02,20029
2019-07-03,20044
2019-07-04,20050
2019-07-05,20053
2019-07-06,20076
2019-07-07,20088
2019-07-08,20072
2019-07-09,20100
2019-07-10,20164
2019-07-11,20159
2019-07-12,20199
2019-07-13,20203
2019-07-14,20206
2019-07-15,20213
2019-07-16,20197
2019-07-17,20204
2019-07-18,20215
2019-07-19,20199
2019-07-20,20193
2019-07-21,20217
2019-07-22,20224
2019-07-23,20230
2019-07-24,20233
2019-07-25,20229
2019-07-26,20215
2019-07-27,20218
2019-07-28,20216
2019-07-29,20187
2019-07-30,20191
2019-07-31,20236
2019-08-01,20176
2019-08-02,20226
2019-08-03,20230
2019-08-04,20236
2019-08-05,20231
2019-08-06,20255
2019-08-07,20293
2019-08-08,20317
2019-08-09,20320
2019-08-10,20325
2019-08-11,20375
2019-08-12,20313
2019-08-13,20412
2019-08-14,20373
2019-08-15,20378
2019-08-16,20363
2019-08-17,20382
2019-08-18,20401
2019-08-19,20427
2019-08-20,20444
2019-08-21,20450
2019-08-22,20411
2019-08-23,20420
2019-08-24,20406
2019-08-25,20372
2019-08-26,20368
2019-08-27,20381
2019-08-28,20387
2019-08-29,20420
2019-08-30,20424
2019-08-31,20434
2019-09-01,20465
2019-09-02,20475
2019-09-03,20495
2019-09-04,20499
2019-09-05,20503
2019-09-06,20493
2019-09-07,20470
2019-09-08,20412
2019-09-09,20443
2019-09-10,20414
2019-09-11,20386
2019-09-12,20361
2019-09-13,20355
2019-09-14,20343
2019-09-15,20325
2019-09-16,20313
2019-09-17,20287
2019-09-18,20307
2019-09-19,20326
2019-09-20,20324
2019-09-21,20302
2019-09-22,20324
2019-09-23,20332
2019-09-24,20321
2019-09-25,20339
2019-09-26,20313
2019-09-27,20308
2019-09-28,20263
2019-09-29,20245
2019-09-30,20226
2019-10-01,20235
2019-10-02,20225
2019-10-03,20182
2019-10-04,20179
2019-10-05,20166
2019-10-06,20161
2019-10-07,20128
2019-10-08,20175
2019-10-09,20170
2019-10-10,20210
2019-10-11,20188
2019-10-12,20151
2019-10-13,20164
2019-10-14,20157
2019-10-15,20177
2019-10-16,20204
2019-10-17,20196
2019-10-18,20200
2019-10-19,20205
2019-10-20,20173
2019-10-21,20109
2019-10-22,20101
2019-10-23,20101
2019-10-24,20065
2019-10-25,20056
2019-10-26,20026
2019-10-27,20010
2019-10-28,20013
2019-10-29,19998
2019-10-30,20016
2019-10-31,20021
2019-11-01,20032
2019-11-02,20024
2019-11-03,20012
2019-11-04,19990
2019-11-05,19996
2019-11-06,19982
2019-11-07,19968
2019-11-08,19968
2019-11-09,19958
2019-11-10,19965
2019-11-11,19927
2019-11-12,19913
2019-11-13,19882
2019-11-14,19874
2019-11-15,19900
2019-11-16,19906
2019-11-17,19892
2019-11-18,19826
2019-11-19,19759
2019-11-20,19743
2019-11-21,19773
2019-11-22,19788
2019-11-23,19768
2019-11-24,19791
2019-11-25,19793
2019-11-26,19775
2019-11-27,19777
2019-11-28,19767
2019-11-29,19778
2019-11-30,19718
2019-12-01,19778
2019-12-02,19777
2019-12-03,19796
2019-12-04,19752
2019-12-05,19765
2019-12-06,19795
2019-12-07,19791
2019-12-08,19799
2019-12-09,19789
2019-12-10,19751
2019-12-11,19761
2019-12-12,19780
2019-12-13,19783
2019-12-14,19775
2019-12-15,19786
2019-12-16,19769
2019-12-17,19815
2019-12-18,19761
2019-12-19,19773
2019-12-20,19777
2019-12-21,19776
2019-12-22,19736
2019-12-23,19706
2019-12-24,19706
2019-12-25,19720
2019-12-26,19725
2019-12-27,19715
2019-12-28,19627
2019-12-29,19624
2019-12-30,19677
2019-12-31,19694
2020-01-01,19694
2020-01-02,19680
2020-01-03,19678
2020-01-04,19663
2020-01-05,19688
2020-01-06,19752
2020-01-07,19657
2020-01-08,19680
2020-01-09,19756
2020-01-10,19703
2020-01-11,19737
2020-01-12,19689
2020-01-13,19683
2020-01-14,19668
2020-01-15,19665
2020-01-16,19678
2020-01-17,19702
2020-01-18,19740
2020-01-19,19729
2020-01-20,19776
2020-01-21,19746
2020-01-22,19843
2020-01-23,19818
2020-01-24,19811
2020-01-25,19821
2020-01-26,19868
2020-01-27,19895
2020-01-28,19907
2020-01-29,19953
2020-01-30,19922
2020-01-31,19885
2020-02-01,19924
2020-02-02,19908
2020-02-03,19904
2020-02-04,19931
2020-02-05,19954
2020-02-06,19984
2020-02-07,19912
2020-02-08,19919
2020-02-09,19950
2020-02-10,19935
2020-02-11,19938
2020-02-12,19896
2020-02-13,19949
2020-02-14,19947
2020-02-15,19946
2020-02-16,20067
2020-02-17,20082
2020-02-18,20102
2020-02-19,20183
2020-02-20,20130
2020-02-21,20301
2020-02-22,20283
2020-02-23,20349
2020-02-24,20389
2020-02-25,20443
2020-02-26,20455
2020-02-27,20469
2020-02-28,20436
2020-02-29,20460
2020-03-01,20420
2020-03-02,20473
2020-03-03,20510
2020-03-04,20447
2020-03-05,20493
2020-03-06,20537
2020-03-07,20570
2020-03-08,20618
2020-03-09,20632
2020-03-10,20660
2020-03-11,20640
2020-03-12,20629
2020-03-13,20614
2020-03-14,20588
2020-03-15,20593
2020-03-16,20627
2020-03-17,20551
2020-03-18,20524
2020-03-19,20565
2020-03-20,20603
2020-03-21,20571
2020-03-22,20469
2020-03-23,20472
2020-03-24,20414
2020-03-25,20445
2020-03-26,20354
2020-03-27,20397
2020-03-28,20435
2020-03-29,20415
2020-03-30,20358
2020-03-31,20356
2020-04-01,20307
2020-04-02,20254
2020-04-03,20273
2020-04-04,20198
2020-04-05,20186
2020-04-06,20169
2020-04-07,20185
2020-04-08,20120
2020-04-09,20083
2020-04-10,20096
2020-04-11,20045
2020-04-12,20056
2020-04-13,20109
2020-04-14,20087
2020-04-15,20088
2020-04-16,20065
2020-04-17,20121
2020-04-18,20066
2020-04-19,20072
2020-04-20,20080
2020-04-21,20142
2020-04-22,20095
2020-04-23,20158
2020-04-24,20129
2020-04-25,20164
2020-04-26,20147
2020-04-27,20144
2020-04-28,20159
2020-04-29,20198
2020-04-30,20149
2020-05-01,20158
2020-05-02,20154
2020-05-03,20173
2020-05-04,20174
2020-05-05,20177
2020-05-06,20136
2020-05-07,20148
2020-05-08,20154
2020-05-09,20190
2020-05-10,20226
2020-05-11,20208
2020-05-12,20246
2020-05-13,20233
2020-05-14,20240
2020-05-15,20285
2020-05-16,20276
2020-05-17,20311
2020-05-18,20273
2020-05-19,20286
2020-05-20,20258
2020-05-21,20295
2020-05-22,20302
2020-05-23,20284
2020-05-24,20291
2020-05-25,20333
2020-05-26,20342
2020-05-27,20327
2020-05-28,20324
2020-05-29,20351
2020-05-30,20378
2020-05-31,20400
2020-06-01,20351
2020-06-02,20311
2020-06-03,20335
2020-06-04,20363
2020-06-05,20349
2020-06-06,20361
2020-06-07,20374
2020-06-08,20350
2020-06-09,20409
2020-06-10,20337
2020-06-11,20409
2020-06-12,20380
2020-06-13,20383
2020-06-14,20283
2020-06-15,20312
2020-06-16,20346
2020-06-17,20375
2020-06-18,20344
2020-06-19,20384
2020-06-20,20467
2020-06-21,20532
2020-06-22,20487
2020-06-23,20470
2020-06-24,20541
2020-06-25,20565
2020-06-26,20478
2020-06-27,20441
2020-06-28,20423
2020-06-29,20600
2020-06-30,20701
2020-07-01,20656
2020-07-02,20713
2020-07-03,20733
2020-07-04,20784
2020-07-05,20789
2020-07-06,20872
2020-07-07,20881
2020-07-08,20999
2020-07-09,21051
2020-07-10,21029
2020-07-11,21037
2020-07-12,21079
2020-07-13,21115
2020-07-14,21106
2020-07-15,21117
2020-07-16,21117
2020-07-17,21167
2020-07-18,21173
2020-07-19,21248
2020-07-20,21273
2020-07-21,21292
2020-07-22,21291
2020-07-23,21389
2020-07-24,21404
2020-07-25,21394
2020-07-26,21441
2020-07-27,21459
2020-07-28,21414
2020-07-29,21529
2020-07-30,21545
2020-07-31,21513
2020-08-01,21552
2020-08-02,21604
2020-08-03,21624
2020-08-04,21601
2020-08-05,21639
2020-08-06,21600
2020-08-07,21594
2020-08-08,21619
2020-08-09,21578
2020-08-10,21639
2020-08-11,21669
2020-08-12,21712
2020-08-13,21731
2020-08-14,21777
2020-08-15,21746
2020-08-16,21800
2020-08-17,21840
2020-08-18,21887
2020-08-19,21934
2020-08-20,21933
2020-08-21,22008
2020-08-22,21994
2020-08-23,21957
2020-08-24,21989
2020-08-25,22028
2020-08-26,22151
2020-08-27,22144
2020-08-28,22120
2020-08-29,22163
2020-08-30,22272
2020-08-31,22294
2020-09-01,22330
2020-09-02,22364
2020-09-03,22463
2020-09-04,22476
2020-09-05,22606
2020-09-06,22682
2020-09-07,22740
2020-09-08,22769
2020-09-09,22786
2020-09-10,22767
2020-09-11,22761
2020-09-12,22849
2020-09-13,22840
2020-09-14,22840
2020-09-15,22803
2020-09-16,22799
2020-09-17,22777
2020-09-18,22795
2020-09-19,22802
2020-09-20,22844
2020-09-21,22861
2020-09-22,22835
2020-09-23,22895
2020-09-24,22959
2020-09-25,22882
2020-09-26,22885
2020-09-27,22919
2020-09-28,22890
2020-09-29,22895
2020-09-30,22938
2020-10-01,22950
2020-10-02,22951
2020-10-03,23204
2020-10-04,23228
2020-10-05,23173
2020-10-06,23155
2020-10-07,23218
2020-10-08,23205
2020-10-09,23216
2020-10-10,23257
2020-10-11,23248
2020-10-12,23270
2020-10-13,23273
2020-10-14,23192
2020-10-15,23336
2020-10-16,23409
2020-10-17,23492
2020-10-18,23426
2020-10-19,23557
2020-10-20,23518
2020-10-21,23577
2020-10-22,23611
2020-10-23,23592
2020-10-24,23641
2020-10-25,23674
2020-10-26,23682
2020-10-27,23692
2020-10-28,23703
2020-10-29,23766
2020-10-30,23761
2020-10-31,23817
2020-11-01,23831
2020-11-02,23808
2020-11-03,23771
2020-11-04,23840
2020-11-05,23821
2020-11-06,23871
2020-11-07,23848
2020-11-08,23830
2020-11-09,23747
2020-11-10,23756
2020-11-11,23905
2020-11-12,23949
2020-11-13,23888
2020-11-14,23913
2020-11-15,23944
2020-11-16,23847
2020-11-17,23826
2020-11-18,23785
2020-11-19,23839
2020-11-20,23919
2020-11-21,24140
2020-11-22,24162
2020-11-23,24073
2020-11-24,24031
2020-11-25,24014
2020-11-26,23914
2020-11-27,23993
2020-11-28,24044
2020-11-29,24130
2020-11-30,24082
2020-12-01,24088
2020-12-02,24122
2020-12-03,24164
2020-12-04,24194
2020-12-05,24205
2020-12-06,24225
2020-12-07,24225
2020-12-08,24307
2020-12-09,24247
2020-12-10,24312
2020-12-11,24352
2020-12-12,24403
2020-12-13,24469
2020-12-14,24483
2020-12-15,24456
2020-12-16,24452
2020-12-17,24432
2020-12-18,24481
2020-12-19,24529
2020-12-20,24540
2020-12-21,24548
2020-12-22,24608
2020-12-23,24655
2020-12-24,24581
2020-12-25,24639
2020-12-26,24630
2020-12-27,24562
2020-12-28,24564
2020-12-29,24582
2020-12-30,24707
2020-12-31,24761
2021-01-01,24761
2021-01-02,24764
2021-01-03,24790
2021-01-04,24740
2021-01-05,24752
2021-01-06,24730
2021-01-07,24768
2021-01-08,24764
2021-01-09,24759
2021-01-10,24782
2021-01-11,24770
2021-01-12,24782
2021-01-13,24781
2021-01-14,24783
2021-01-15,24779
2021-01-16,24803
2021-01-17,24833
2021-01-18,24813
2021-01-19,24818
2021-01-20,24801
2021-01-21,24822
2021-01-22,24840
2021-01-23,24893
2021-01-24,24885
2021-01-25,24876
2021-01-26,24891
2021-01-27,24906
2021-01-28,24950
2021-01-29,25006
2021-01-30,25022
2021-01-31,25021
2021-02-01,25059
2021-02-02,25035
2021-02-03,25055
2021-02-04,25075
2021-02-05,25138
2021-02-06,25136
2021-02-07,25162
2021-02-08,25193
2021-02-09,25200
2021-02-10,25219
2021-02-11,25238
2021-02-12,25260
2021-02-13,25292
2021-02-14,25309
2021-02-15,25318
2021-02-16,25326
2021-02-17,25373
2021-02-18,25392
2021-02-19,25406
2021-02-20,25406
2021-02-21,25441
2021-02-22,25459
2021-02-23,25467
2021-02-24,25514
2021-02-25,25505
2021-02-26,25560
2021-02-27,25584
2021-02-28,25585
2021-03-01,25598
2021-03-02,25581
2021-03-03,25589
2021-03-04,25618
2021-03-05,25634
2021-03-06,25650
2021-03-07,25648
2021-03-08,25660
2021-03-09,25685
2021-03-10,25685
2021-03-11,25719
2021-03-12,25770
2021-03-13,25767
2021-03-14,25803
2021-03-15,25809
2021-03-16,25809
2021-03-17,25806
2021-03-18,25849
2021-03-19,25854
2021-03-20,25839
2021-03-21,25877
2021-03-22,25876
2021-03-23,25871
2021-03-24,25895
2021-03-25,25927
2021-03-26,25925
2021-03-27,25928
2021-03-28,25996
2021-03-29,26015
2021-03-30,26068
2021-03-31,26065
2021-04-01,26090
2021-04-02,26063
2021-04-03,26073
2021-04-04,26077
2021-04-05,26069
2021-04-06,26112
2021-04-07,26128
2021-04-08,26168
2021-04-09,26231
2021-04-10,26261
2021-04-11,26279
2021-04-12,26332
2021-04-13,26380
2021-04-14,26448
2021-04-15,26460
2021-04-16,26501
2021-04-17,26531
2021-04-18,26546
2021-04-19,26630
2021-04-20,26623
2021-04-21,26711
2021-04-22,26740
2021-04-23,26778
2021-04-24,26812
2021-04-25,26857
2021-04-26,26888
2021-04-27,26929
2021-04-28,27006
2021-04-29,27060
2021-04-30,27092
2021-05-01,27169
2021-05-02,27199
2021-05-03,27224
2021-05-04,27283
2021-05-05,27325
2021-05-06,27384
2021-05-07,27440
2021-05-08,27489
2021-05-09,27548
2021-05-10,27600
2021-05-11,27632
2021-05-12,27625
2021-05-13,27687
2021-05-14,27745
2021-05-15,27848
2021-05-16,27883
2021-05-17,27954
2021-05-18,27941
2021-05-19,27933
2021-05-20,28036
2021-05-21,28086
2021-05-22,28149
2021-05-23,28161
2021-05-24,28174
2021-05-25,28205
2021-05-26,28259
2021-05-27,28373
2021-05-28,28422
2021-05-29,28492
2021-05-30,28513
2021-05-31,28549
2021-06-01,28622
2021-06-02,28576
2021-06-03,28599
2021-06-04,28616
2021-06-05,28574
2021-06-06,28676
2021-06-07,28688
2021-06-08,28670
2021-06-09,28693
2021-06-10,28733
2021-06-11,28748
2021-06-12,28695
2021-06-13,28722
2021-06-14,28777
2021-06-15,28822
2021-06-16,28826
2021-06-17,28839
2021-06-18,28872
2021-06-19,28864
2021-06-20,28834
2021-06-21,28851
2021-06-22,28849
2021-06-23,28836
2021-06-24,28855
2021-06-25,28848
2021-06-26,28839
2021-06-27,28856
2021-06-28,28824
2021-06-29,28834
2021-06-30,28795
2021-07-01,28797
2021-07-02,28712
2021-07-03,28741
2021-07-04,28806
2021-07-05,28822
2021-07-06,28806
2021-07-07,28854
2021-07-08,28836
2021-07-09,28859
2021-07-10,28829
2021-07-11,28784
2021-07-12,28789
2021-07-13,28790
2021-07-14,28811
2021-07-15,28803
2021-07-16,28767
2021-07-17,28761
2021-07-18,28697
2021-07-19,28708
2021-07-20,28760
2021-07-21,28755
2021-07-22,28773
2021-07-23,28796
2021-07-24,28822
2021-07-25,28831
2021-07-26,28821
2021-07-27,28859
2021-07-28,28870
2021-07-29,28880
2021-07-30,28848
2021-07-31,28874
2021-08-01,28869
2021-08-02,28882
2021-08-03,28885
2021-08-04,28884
2021-08-05,28898
2021-08-06,28903
2021-08-07,28890
2021-08-08,28910
2021-08-09,28885
2021-08-10,28935
2021-08-11,28949
2021-08-12,28942
2021-08-13,29016
2021-08-14,29077
2021-08-15,29085
2021-08-16,29063
2021-08-17,29101
2021-08-18,29128
2021-08-19,29097
2021-08-20,29154
2021-08-21,29191
2021-08-22,29174
2021-08-23,29148
2021-08-24,29131
2021-08-25,29114
2021-08-26,29124
2021-08-27,29122
2021-08-28,29115
2021-08-29,29050
2021-08-30,29084
2021-08-31,29097
2021-09-01,29097
2021-09-02,29154
2021-09-03,29178
2021-09-04,29172
2021-09-05,29181
2021-09-06,29216
2021-09-07,29208
2021-09-08,29209
2021-09-09,29246
2021-09-10,29292
2021-09-11,29320
2021-09-12,29311
2021-09-13,29336
2021-09-14,29364
2021-09-15,29377
2021-09-16,29369
2021-09-17,29339
2021-09-18,29330
2021-09-19,29343
2021-09-20,29335
2021-09-21,29384
2021-09-22,29414
2021-09-23,29460
2021-09-24,29541
2021-09-25,29497
2021-09-26,29563
2021-09-27,29575
2021-09-28,29609
2021-09-29,29602
2021-09-30,29649
2021-10-01,29703
2021-10-02,29684
2021-10-03,29684
2021-10-04,29671
2021-10-05,29698
2021-10-06,29732
2021-10-07,29767
2021-10-08,29794
2021-10-09,29799
2021-10-10,29806
2021-10-11,29836
2021-10-12,29826
2021-10-13,29773
2021-10-14,29788
2021-10-15,29770
2021-10-16,29765
2021-10-17,29793
2021-10-18,29816
2021-10-19,29847
2021-10-20,29888
2021-10-21,29907
2021-10-22,29931
2021-10-23,29942
2021-10-24,29946
2021-10-25,29992
2021-10-26,30028
2021-10-27,30042
2021-10-28,30076
2021-10-29,30131
2021-10-30,30158
2021-10-31,30179
2021-11-01,30180
2021-11-02,30214
2021-11-03,30262
2021-11-04,30274
2021-11-05,30263
2021-11-06,30283
2021-11-07,30296
2021-11-08,30315
2021-11-09,30327
2021-11-10,30348
2021-11-11,30379
2021-11-12,30443
2021-11-13,30462
2021-11-14,30522
2021-11-15,30569
2021-11-16,30556
2021-11-17,30575
2021-11-18,30591
2021-11-19,30657
2021-11-20,30692
2021-11-21,30715
2021-11-22,30736
2021-11-23,30736
2021-11-24,30779
2021-11-25,30777
2021-11-26,30810
2021-11-27,30834
2021-11-28,30838
2021-11-29,30838
2021-11-30,30838
2021-12-01,30916
2021-12-02,30894
2021-12-03,30909
2021-12-04,30913
2021-12-05,30943
2021-12-06,30990
2021-12-07,30984
2021-12-08,31006
2021-12-09,31045
2021-12-10,31061
2021-12-11,31073
2021-12-12,31083
2021-12-13,31103
2021-12-14,31138
2021-12-15,31182
2021-12-16,31174
2021-12-17,31191
2021-12-18,31252
2021-12-19,31259
2021-12-20,31334
2021-12-21,31350
2021-12-22,31380
2021-12-23,31395
2021-12-24,31411
2021-12-25,31444
2021-12-26,31463
2021-12-27,31515
2021-12-28,31533
2021-12-29,31615
2021-12-30,31678
2021-12-31,31756
2022-01-01,31756
2022-01-02,31867
2022-01-03,31897
2022-01-04,31932
2022-01-05,31956
2022-01-06,32028
2022-01-07,32134
2022-01-08,32195
2022-01-09,32271
2022-01-10,32350
2022-01-11,32427
2022-01-12,32561
2022-01-13,32634
2022-01-14,32706
2022-01-15,32749
2022-01-16,32812
2022-01-17,32852
2022-01-18,32932
2022-01-19,33002
2022-01-20,33111
2022-01-21,33285
2022-01-22,33344
2022-01-23,33397
2022-01-24,33483
2022-01-25,33581
2022-01-26,33656
2022-01-27,33746
2022-01-28,33787
2022-01-29,33927
2022-01-30,33986
2022-01-31,34052
2022-02-01,34147
2022-02-02,34204
2022-02-03,34307
2022-02-04,34489
2022-02-05,34580
2022-02-06,34690
2022-02-07,34823
2022-02-08,34939
2022-02-09,35049
2022-02-10,35202
2022-02-11,35355
2022-02-12,35486
2022-02-13,35687
2022-02-14,35832
2022-02-15,35937
2022-02-16,36122
2022-02-17,36234
2022-02-18,36409
2022-02-19,36509
2022-02-20,36626
2022-02-21,36697
2022-02-22,36804
2022-02-23,36888
2022-02-24,37062
2022-02-25,37132
2022-02-26,37215
2022-02-27,37279
2022-02-28,37379
2022-03-01,37403
2022-03-02,37380
2022-03-03,37389
2022-03-04,37390
2022-03-05,37441
2022-03-06,37484
2022-03-07,37576
2022-03-08,37588
2022-03-09,37672
2022-03-10,37668
2022-03-11,37690
2022-03-12,37644
2022-03-13,37635
2022-03-14,37575
2022-03-15,37518
2022-03-16,37543
2022-03-17,37546
2022-03-18,37499
2022-03-19,37521
2022-03-20,37457
2022-03-21,37419
2022-03-22,37355
2022-03-23,37387
2022-03-24,37456
2022-03-25,37460
2022-03-26,37389
2022-03-27,37274
2022-03-28,37181
2022-03-29,37148
2022-03-30,37087
2022-03-31,36963
2022-04-01,36945
2022-04-02,36915
2022-04-03,36861
2022-04-04,36934
2022-04-05,36858
2022-04-06,36825
2022-04-07,36812
2022-04-08,36804
2022-04-09,36786
2022-04-10,36684
2022-04-11,36711
2022-04-12,36674
2022-04-13,36601
2022-04-14,36572
2022-04-15,36558
2022-04-16,36493
2022-04-17,36447
2022-04-18,36429
2022-04-19,36419
2022-04-20,36348
2022-04-21,36352
2022-04-22,36340
2022-04-23,36267
2022-04-24,36155
2022-04-25,36118
2022-04-26,36075
2022-04-27,36076
2022-04-28,35978
2022-04-29,35908
2022-04-30,35860
2022-05-01,35768
2022-05-02,35733
2022-05-03,35685
2022-05-04,35583
2022-05-05,35535
2022-05-06,35559
2022-05-07,35471
2022-05-08,35397
2022-05-09,35321
2022-05-10,35321
2022-05-11,35231
2022-05-12,35171
2022-05-13,35159
2022-05-14,35083
2022-05-15,35002
2022-05-16,34901
2022-05-17,34894
2022-05-18,34831
2022-05-19,34728
2022-05-20,34704
2022-05-21,34644
2022-05-22,34584
2022-05-23,34502
2022-05-24,34444
2022-05-25,34360
2022-05-26,34335
2022-05-27,34229
2022-05-28,34162
2022-05-29,34141
2022-05-30,34057
2022-05-31,34064
2022-06-01,33969
2022-06-02,33930
2022-06-03,33926
2022-06-04,33857
2022-06-05,33792
2022-06-06,33741
2022-06-07,33693
2022-06-08,33658
2022-06-09,33599
2022-06-10,33562
2022-06-11,33503
2022-06-12,33410
2022-06-13,33375
2022-06-14,33332
2022-06-15,33274
2022-06-16,33204
2022-06-17,33117
2022-06-18,33062
2022-06-19,32962
2022-06-20,32908
2022-06-21,32835
2022-06-22,32783
2022-06-23,32786
2022-06-24,32709
2022-06-25,32640
2022-06-26,32649
2022-06-27,32629
2022-06-28,32612
2022-06-29,32570
2022-06-30,32524
2022-07-01,32449
2022-07-02,32350
2022-07-03,32295
2022-07-04,32260
2022-07-05,32217
2022-07-06,32162
2022-07-07,32097
2022-07-08,32099
2022-07-09,32022
2022-07-10,31968
2022-07-11,31925
2022-07-12,31894
2022-07-13,31866
2022-07-14,31831
2022-07-15,31823
2022-07-16,31784
2022-07-17,31771
2022-07-18,31739
2022-07-19,31748
2022-07-20,31690
2022-07-21,31694
2022-07-22,31654
2022-07-23,31579
2022-07-24,31610
2022-07-25,31573
2022-07-26,31416
2022-07-27,31434
2022-07-28,31417
2022-07-29,31358
2022-07-30,31329
2022-07-31,31291
2022-08-01,31332
2022-08-02,31321
2022-08-03,31260
2022-08-04,31249
2022-08-05,31203
2022-08-06,31197
2022-08-07,31169
2022-08-08,31137
2022-08-09,31128
2022-08-10,31116
2022-08-11,31110
2022-08-12,31059
2022-08-13,31010
2022-08-14,30975
2022-08-15,30961
2022-08-16,30843
2022-08-17,30838
2022-08-18,30811
2022-08-19,30844
2022-08-20,30834
2022-08-21,30779
2022-08-22,30747
2022-08-23,30739
2022-08-24,30648
2022-08-25,30634
2022-08-26,30589
2022-08-27,30549
2022-08-28,30513
2022-08-29,30422
2022-08-30,30391
2022-08-31,30360
2022-09-01,30359
2022-09-02,30347
2022-09-03,30317
2022-09-04,30260
2022-09-05,30251
2022-09-06,30212
2022-09-07,30173
2022-09-08,30142
2022-09-09,30108
2022-09-10,30074
2022-09-11,30073
2022-09-12,30017
2022-09-13,29998
2022-09-14,29953
2022-09-15,29960
2022-09-16,29972
2022-09-17,29940
2022-09-18,29925
2022-09-19,29916
2022-09-20,29895
2022-09-21,29879
2022-09-22,29867
2022-09-23,29893
2022-09-24,29853
2022-09-25,29823
2022-09-26,29801
2022-09-27,29807
2022-09-28,29771
2022-09-29,29773
2022-09-30,29762
2022-10-01,29729
2022-10-02,29703
2022-10-03,29689
2022-10-04,29631
2022-10-05,29616
2022-10-06,29589
2022-10-07,29606
2022-10-08,29577
2022-10-09,29534
2022-10-10,29498
2022-10-11,29449
2022-10-12,29429
2022-10-13,29397
2022-10-14,29373
2022-10-15,29361
