No,자료시점,합계,합계,35% 이하,35% 이하,35%초과 ~ 40%이하,35%초과 ~ 40%이하,40%초과 ~ 45%이하,40%초과 ~ 45%이하,45%초과 ~ 50%이하,45%초과 ~ 50%이하,50%초과 ~ 55%이하,50%초과 ~ 55%이하,55%초과 ~ 60%이하,55%초과 ~ 60%이하,60%초과 ~ 65%이하,60%초과 ~ 65%이하,65% 초과,65% 초과
No,자료시점,대출금액,대출잔액,대출금액,대출잔액,대출금액,대출잔액,대출금액,대출잔액,대출금액,대출잔액,대출금액,대출잔액,대출금액,대출잔액,대출금액,대출잔액,대출금액,대출잔액
No,자료시점,억원,억원,억원,억원,억원,억원,억원,억원,억원,억원,억원,억원,억원,억원,억원,억원,억원,억원
No,자료시점,원자료,원자료,원자료,원자료,원자료,원자료,원자료,원자료,원자료,원자료,원자료,원자료,원자료,원자료,원자료,원자료,원자료,원자료
1,2004/03,351.11,0.52,13.19,0,4.66,0.04,13.7,0,12.9,0,25.7,0,101.94,0.16,35.07,0.05,143.95,0.27
2,2004/04,"3,611.2",4.04,103.77,0.13,64.37,0.24,64.03,0,143.77,0,195.37,0.14,"1,184.13",1.74,309.56,0.79,"1,546.2",0.98
3,2004/05,"4,558.01",5.19,147.53,0.14,84.02,0.16,111.35,0.1,157.95,0.15,253.55,0.18,"1,558.41",1.88,416.74,1.27,"1,828.46",1.32
4,2004/06,"3,944.02",3.55,122.9,0.1,63.52,0,77.21,0.09,154.31,0.12,221.6,0.24,"1,421.39",0.78,343.98,0.19,"1,539.11",2.03
5,2004/07,"3,380.33",3.52,109.47,0.1,54.81,0.07,68.28,0.03,135.57,0.12,187.15,0.19,"1,277.01",1.31,334.61,0.53,"1,213.45",1.18
6,2004/08,"3,282.25",5.16,116.78,0.19,45.59,0,64.08,0.12,107.5,0.17,184.28,0.3,"1,265.49",1.6,306.09,1,"1,192.44",1.79
7,2004/09,"2,890.79",3.64,68.57,0,36.47,0,48.41,0.18,96.98,0,151.92,0.16,"1,165.81",1.47,257.85,0.23,"1,064.78",1.6
8,2004/10,"3,445.77",5.47,73.38,0.35,38.35,0,44.77,0,114.62,0.11,194.7,0.15,"1,343.55",1.99,341.75,0.53,"1,294.67",2.34
9,2004/11,"3,565.52",7.38,65.98,0.1,41.76,0.1,61.93,0.51,122.36,0.08,189.5,0.3,"1,393.64",3.28,309.61,1.09,"1,380.74",1.95
10,2004/12,"4,285.89",16.02,95.55,0,47.29,0.15,76.09,0.15,136.69,0.58,203.37,0.28,"1,690.73",6.53,359.65,1.14,"1,676.52",7.19
11,2005/01,"3,443.46",17.24,74.62,0.32,47.46,0.12,57.12,0.21,113.16,0.14,173.15,0.15,"1,345.58",10.86,293.06,0.57,"1,339.32",4.88
12,2005/02,"4,840.47",16.39,139.95,0.25,60.34,0.18,107.61,0.25,169.8,0.04,280.13,0.39,"1,743.97",11.54,430.12,1.47,"1,908.56",2.26
13,2005/03,"6,923.33",18.35,199.78,0.56,91.29,0,119.15,0.21,222.88,1.2,373.27,0.39,"2,468.29",8.14,642.78,3.13,"2,805.89",4.73
14,2005/04,"5,706.94",15.2,131.5,0.41,66.12,0.47,91.41,0.06,178.4,0.16,304.72,0.83,"1,940.79",7.75,550.11,1.65,"2,443.89",3.86
15,2005/05,"3,927.4",11.78,70.17,0.13,43.73,0.09,51.32,0.15,87.93,0.09,176.23,0.12,"1,317.39",7.46,368.96,0.7,"1,811.67",3.03
16,2005/06,"3,712.56",14.4,63.19,0.08,31.93,0.03,44.68,0.11,90.37,0.37,154.47,0.14,"1,285.72",8.98,377.38,2.17,"1,664.82",2.52
17,2005/07,"3,087.12",17.13,55.28,0.05,26.07,0,31.79,0,78.13,0.43,115.7,0.67,"1,022.61",14.41,265.32,0.24,"1,492.22",1.33
18,2005/08,"3,164.95",5.7,125.56,0.75,21.54,0,32.97,0,67,0.13,108.01,0.24,953.03,1.51,290.96,1.22,"1,565.89",1.84
19,2005/09,"2,649.32",6.32,108.94,0.24,28.25,0.08,31.98,0.33,62.85,0.06,96.23,0.13,716.24,1.27,248.48,1.25,"1,356.36",2.96
20,2005/10,"1,928.24",5.4,48.62,0.28,20.48,0,21.59,0.05,38.73,0.11,72.19,0.09,478.01,2.13,178.89,0.59,"1,069.73",2.15
21,2005/11,"1,435.57",5.44,11.11,0,16.56,0,14.91,0,33.57,0.05,28.44,0.08,278.77,1.68,122.03,1.55,930.18,2.08
22,2005/12,"1,484.93",4.07,23.4,0,13.23,0,13.13,0.16,23.42,0.11,43.13,0.11,269.77,0.9,102.1,0.53,996.75,2.26
23,2006/01,656.39,4.38,5.98,0,2.5,0,4.8,0,8.62,0,15.92,0,147.18,2.61,47.54,0.07,423.86,1.69
24,2006/02,"1,004.5",4.86,17.45,0,7.08,0,10.57,0,11.62,0,20.32,0,179.95,2.8,79.65,0.77,677.86,1.29
25,2006/03,"1,010.26",3.42,11.72,0.08,4.25,0,4.37,0,13.53,0,24.6,0.22,156.37,1.26,73.37,0.11,722.05,1.76
26,2006/04,880.74,1.24,7.95,0,4.26,0,12.93,0,6.98,0.06,19.88,0,125.24,0.41,59.87,0,643.63,0.78
27,2006/05,735.66,0.93,8.59,0.23,4.06,0,9.98,0,5.89,0,15.45,0,101.74,0,61.19,0.47,528.77,0.23
28,2006/06,811.27,2.15,14.69,0,10.09,0,12.15,0.15,19.19,0,28.55,0,128.88,0.2,50.01,0,547.71,1.8
29,2006/07,"1,275.63",0.38,63.88,0,25.19,0,37.25,0,59.42,0,75.62,0,250.54,0.03,105.85,0.16,657.89,0.18
30,2006/08,"1,379.22",4.14,58.36,0,31.16,0,63.14,0.14,41.22,0.11,68.23,0.09,285.2,0.2,115.54,0.16,716.37,3.44
31,2006/09,"1,861.11",4.19,66.99,0,31.14,0.13,46.13,0.84,67.98,0,87.2,0,316.43,0.26,151.08,0.1,"1,094.17",2.86
32,2006/10,"1,244.78",3.96,31.22,0,20.38,0.1,32.58,0,45.82,0,44.95,0,163.52,0.46,96.68,0,809.63,3.39
33,2006/11,"1,207.24",5.02,24.13,0.01,19.19,0,17.8,0,22.59,0,44.6,0,163.71,0.52,136.77,0.12,778.45,4.37
34,2006/12,"1,694.25",0.4,81.67,0,56.55,0.08,60.32,0,89.82,0,81.6,0,301.14,0,157.63,0.17,865.52,0.15
35,2007/01,"2,408.42",5.79,254.28,1.3,117.95,0,123.89,0,179.33,0,193.01,0,588.17,1.08,158.9,1.84,792.9,1.57
36,2007/02,"2,761.98",4.97,247.7,0.1,130.45,0,133.67,0,213.86,0,202.02,0.09,625.76,0.71,202.73,0,"1,005.79",4.08
37,2007/03,"2,496.11",3.95,215.44,0.27,88.96,0,111.63,0,180.65,0,207.76,0.09,527.29,0.08,207.09,0.16,957.29,3.36
38,2007/04,"2,415.31",5.83,180.55,0,82.41,0,101.76,0,153.35,2,165.85,0,515.91,1,161.2,0.32,"1,054.28",2.5
39,2007/05,"2,489.12",4.14,200.55,0.39,78.71,0,95.33,0.19,132.08,0,164.04,0,599.65,0.65,173.9,0,"1,044.86",2.91
40,2007/06,"2,710.87",2.84,234.89,0,112.52,0,126.62,0,158.86,0,202.38,0,617.44,0.87,181.65,1.6,"1,076.52",0.37
41,2007/07,"3,587.52",8.43,326.9,0.13,159.41,0,147.49,0.82,244.18,0,269.96,1.95,972.19,0.84,216.74,0.26,"1,250.65",4.42
42,2007/08,"3,198.47",1.59,301.29,0.3,141.9,0.01,118.86,0.16,216.87,0.5,252.08,0.01,784.05,0,186.47,0.16,"1,196.95",0.45
43,2007/09,"2,482.41",4.05,223.58,0.4,108.56,0,88.41,0.15,173.35,0.42,182.01,0,577.34,1.29,175.3,0.28,953.86,1.51
44,2007/10,"3,406.69",4.41,234.72,0.4,139.33,0,143.72,0.29,249.42,1.3,246.63,0.01,891.02,0.83,206.77,0.32,"1,295.08",1.27
45,2007/11,"3,243.99",4.81,226.6,0.71,94.58,0,124.15,0,199.86,0,213.75,0,872.71,0.88,193.54,0.19,"1,318.81",3.03
46,2007/12,"4,483.44",4.31,413.18,0.13,224.39,0.03,248.28,0,339.5,0.13,416.25,0.02,"1,312.87",1.3,218.16,0.06,"1,310.8",2.65
47,2008/01,"5,862.61",5.96,666.5,1.45,300.24,0.35,328.07,0.2,457.65,0.09,568.74,0.02,"1,663.94",0,327.59,2.55,"1,549.87",1.32
48,2008/02,"4,947.06",6.34,488.58,0.71,225.32,0,256.56,0,350.03,0,400.75,0,"1,415.55",1.58,281.71,0,"1,528.56",4.05
49,2008/03,"3,891.05",8.51,276.24,0.08,160.9,0.02,168.64,0,284.21,0.23,291.87,0.32,"1,111.57",3.1,261.66,0,"1,335.97",4.76
50,2008/04,"5,071.31",9.14,387.89,0.2,223.04,0.57,222.84,0.14,381.26,0.03,405.04,0.31,"1,427.95",4.42,332,0,"1,691.3",3.48
51,2008/05,"4,062.02",11.87,291.6,0.4,163.19,0,182.93,0.22,301.17,0.15,333.88,2.44,"1,254.17",3.1,250.86,1.19,"1,284.21",4.37
52,2008/06,"3,726.01",8.08,276.43,0,142.93,0,198.93,0,316.17,0.02,289.32,1.41,"1,084.88",1.68,244.96,1.55,"1,172.39",3.41
53,2008/07,"4,208.28",2.68,367.33,0.19,220.82,0,241.52,0,448.56,1.4,347.45,0,"1,126.63",0.61,251.76,0.07,"1,204.22",0.41
54,2008/08,"4,296.6",4.73,472.03,0,249.01,0,281.94,0.19,491.27,0.86,375.7,0,"1,166.72",0.91,197.77,0.13,"1,062.16",2.64
55,2008/09,"2,747.85",5.47,303.43,0.24,153.21,0,188.26,0,298.36,0.26,228.23,0.29,756.58,0.32,127.11,0.63,692.68,3.73
56,2008/10,"1,835.86",2.68,162.22,0,91.28,0.03,99.28,0,205.61,0.25,133.2,0,500.65,0.52,102.89,0.01,540.73,1.86
57,2008/11,834.97,2,55,0,32.13,0,50.68,0,73.7,0.47,52.5,0,215.06,0,60.52,0.08,295.38,1.46
58,2008/12,435.11,1,23.11,0,8.65,0,17.11,0,35.01,0,21.47,0,99.55,0.02,18.18,0.59,212.04,0.39
59,2009/01,350.77,0.61,15.11,0,5.39,0,10.39,0,24.36,0,27.23,0,108.71,0.54,13.02,0,146.56,0.07
60,2009/02,933.24,4.64,40.5,0,34.18,0,33.94,0,69.9,0,49.48,0.03,327.9,0.15,44.34,2.58,333.01,1.88
61,2009/03,"2,976.02",6.91,274.55,0.16,163.98,0.12,172.75,0,342.44,1.22,220.52,0.78,"1,299.51",1.97,52.67,0,449.6,2.66
62,2009/04,"4,550.77",10.97,432.72,0.79,231.53,0.24,323.64,0.31,552.65,1.71,394.32,0.01,"2,144.48",4.95,56.83,0.33,414.6,2.63
63,2009/05,"4,358.72",14.06,467.99,1.42,223.64,1.07,237.93,0.82,494.81,0.72,345.85,3.59,"2,083.36",4.3,40.47,0,464.67,2.13
64,2009/06,"4,845.14",12.58,520.75,1.5,263.71,0.18,296.72,0.45,505.61,2.1,394.34,0.37,"2,015.57",2.85,92.78,0,755.67,5.11
65,2009/07,"4,509.27",8.27,446.11,0.16,217.75,0.16,266.95,2.81,412.18,0.73,372.52,0,"1,612.5",1.39,140.24,0.6,"1,041.02",2.42
66,2009/08,"4,847.53",4.74,467.97,0.06,271.13,0.5,265.11,0.25,461.72,0.16,410.01,0.42,"1,648.56",1,175.24,0,"1,147.79",2.36
67,2009/09,"6,591.43",19.54,768.13,0.51,373.42,0.45,455.11,0.08,740.76,2.38,594.09,0.25,"2,003.11",2.81,278.63,1.71,"1,378.19",11.33
68,2009/10,"9,478.47",20.18,"1,268.14",1.28,615,0.45,687.45,0.34,"1,032.95",1.5,811.87,2.46,"2,962.96",7.49,360.26,0.74,"1,739.85",5.91
69,2009/11,"8,774.86",20.08,"1,246.26",1.19,544.29,0.6,577.16,0.9,961.89,1.31,702.77,0.59,"2,769.42",4.51,313.97,1.72,"1,659.11",9.25
70,2009/12,"6,883.44",16.57,873.36,0.82,392.8,0.68,444.13,0.13,676.48,1.6,503.1,0.39,"2,264.91",6.86,264.72,0.84,"1,463.95",5.25
71,2010/01,"3,767.96",9.75,483.02,1.06,200.38,1.79,195.42,0.61,374.43,1.2,304.8,0,"1,199.7",2.09,151.68,0.26,858.54,2.73
72,2010/02,"3,904.2",11.48,452.27,0.9,225.49,0,246.35,0.58,361.34,1.27,307.29,0.09,"1,118.48",1.14,185.66,1.31,"1,007.32",6.19
73,2010/03,"3,292.78",16.56,322.51,0.59,172.79,0,167.36,0.53,311.05,1.06,196.06,0.37,914.43,2.72,169.06,0.42,"1,039.53",10.86
74,2010/04,"2,631.25",11.73,244.04,1.98,115.36,0.26,148.4,1.16,216.1,1.44,198.18,2.07,871.94,2.1,97.01,0.63,740.22,2.09
75,2010/05,"2,339.18",19.65,217.12,1.79,108.47,0.62,113.77,0.13,222.46,2.79,176.62,0.74,924.84,9.99,80.5,0.22,495.41,3.37
76,2010/06,"3,670.88",51.93,339.66,1.82,174.37,1.54,218.39,2.23,355.52,6.5,312.68,1.28,"1,628.4",29.5,46.14,0.29,595.72,8.76
77,2010/07,"9,791.96",103.32,"1,075.07",9.04,539.67,2.57,601.44,7.87,920.96,9.72,981.96,8.19,"4,135.85",55.16,258.81,0.99,"1,278.2",9.77
78,2010/08,"8,863.77",75.38,910.83,6.83,508.57,5.04,484.17,2.96,706.22,7.68,792.48,7.48,"3,666.36",30.73,220.92,1.93,"1,574.21",12.74
79,2010/09,"5,042.82",42,455.87,1.08,240.64,0.18,271.71,0.56,296.96,0.27,363.69,2.91,"1,864.9",14.43,170.34,0.83,"1,378.71",21.74
80,2010/10,"4,338.34",47,353.01,2.69,162.73,3.64,213.94,6.28,248.21,1.41,312.29,1.67,"1,336.61",13.69,143.69,3.77,"1,567.86",13.84
81,2010/11,"4,717.05",52.89,327.02,2.15,174.6,1.35,193.77,1.38,267.49,1.35,288.06,1.72,"1,317.89",20.36,224.66,0.81,"1,923.56",23.78
82,2010/12,"5,518.35",53.55,365.19,3.98,178.58,0.28,214.09,0.25,316.32,1.76,338.13,3.01,"1,569.02",9.95,277.72,3.39,"2,259.3",30.93
83,2011/01,"4,454.19",30.91,322.99,0.64,155.39,1.6,216.33,0.82,249.62,0.82,269.8,3.95,"1,180.85",8.13,231.79,1.9,"1,827.42",13.03
84,2011/02,"5,952.75",44.45,486.39,0.94,256.8,0.15,279.46,1.26,333.93,4.57,397.91,2.99,"1,534.64",7.04,290.99,3.58,"2,372.63",23.92
85,2011/03,"7,742.16",73.47,643.38,3.1,285.45,1.13,355.07,1.27,473.1,1.15,546.54,2.15,"2,100.82",30.15,356.24,3.59,"2,981.56",30.94
86,2011/04,"7,908.5",79.42,652.46,0.72,321.92,0.56,360.79,3.15,437.85,2.18,577.99,5.94,"2,271.15",20.72,363.88,3.06,"2,922.46",43.09
87,2011/05,"6,570.59",68.14,485.72,1.41,274.52,2.1,304.35,2.78,378.71,1.62,424.66,2.14,"1,682.46",13.3,347.84,1.8,"2,672.34",42.99
88,2011/06,"6,016.62",51.25,432.42,1.75,194.36,0.47,242.55,0.18,373.94,0.41,403.87,3.43,"1,618.93",11.85,287.46,2.52,"2,463.09",30.64
89,2011/07,"6,221.77",70.79,458.68,3.93,239.36,3.68,268.96,0.87,384.95,3.38,484.54,6.33,"1,687.2",16.88,271.58,3.9,"2,426.5",31.81
90,2011/08,"6,087.65",69.08,440.36,1.73,231.71,0.5,322.4,1.19,349.21,3.03,444.09,9.19,"1,729.55",19.31,279.2,3.61,"2,291.13",30.53
91,2011/09,"9,633.39",134.73,828.68,12.75,373.52,3.47,501.25,7.91,645.76,9.94,752.14,6.87,"3,220.12",52.03,355.69,3.26,"2,956.23",38.52
92,2011/10,"11,330.62",195.66,988.46,8.94,443.47,3.85,565.07,6.63,747.11,7.95,821.41,10.06,"3,928.74",84.37,414.32,7.64,"3,422.04",66.23
93,2011/11,"10,187.99",191.91,746.67,5.87,380.88,4.02,450.3,10.18,587.03,11.64,669.12,15.57,"3,355.03",74.85,418.31,7.64,"3,580.65",62.14
94,2011/12,"11,397.29",192.83,629.91,5.52,346.09,3.16,555.18,12.74,636.42,8.81,725.84,19.13,"3,269.18",60.31,532.01,7.58,"4,702.66",75.59
95,2012/01,"2,664.98",37.58,135.14,0.71,76.45,0.89,114.78,2.12,109.96,1.11,127.67,0.85,666.25,8.05,134.55,4.42,"1,300.18",19.43
96,2012/02,"7,392.54",126.17,459.76,2.36,234.84,0.88,298.18,2.55,363.89,5.17,437.37,4.11,"1,763.81",32.3,426,5.42,"3,408.69",73.38
97,2012/03,"9,604.62",177.9,654.54,5.23,301.46,3.45,371.88,4.4,544.88,6.71,584.72,8.38,"2,311.6",35.94,533.38,6.95,"4,302.16",106.84
98,2012/04,"7,794.93",131.37,447.48,2.73,247.73,0.79,253.66,1.71,351.14,2.34,428.92,3.09,"1,675.76",26.53,483.11,7.85,"3,907.13",86.32
99,2012/05,"9,506.21",172.53,546.55,4.67,283.48,4.27,300.57,2.48,464.81,7.06,488.29,5.16,"2,128.43",32.22,562.88,10.75,"4,731.2",105.92
100,2012/06,"9,147.89",220.7,507.88,5.53,274.77,2.37,303.62,3.41,409.53,6.21,429.18,6.8,"1,898.78",42.77,534.55,14.77,"4,789.58",138.85
101,2012/07,"8,754.39",273.88,434.56,6.97,262.09,6.93,280.56,4.35,405.93,13.21,407.81,18.1,"1,813.11",39.34,529.99,21.31,"4,620.34",163.66
102,2012/08,"7,885.78",286.2,414.32,10.93,254.62,3.84,241.85,3.62,332.5,9.03,384.66,10.36,"1,508.43",58.17,406.65,13.85,"4,342.75",176.4
103,2012/09,"6,517.22",238.18,306.22,6.56,152.4,5.11,192.03,4.89,226.8,9.19,277.44,8.21,"1,174.52",28.69,340.5,11.05,"3,847.31",164.47
104,2012/10,"9,411.95",366.48,455.3,11.99,248.18,8.91,305.87,13.48,336.44,12.74,380.82,11.73,"1,778.98",50.43,553.73,23.58,"5,352.63",233.63
105,2012/11,"13,525.02",539.51,730.76,16.46,368.26,8.89,471.22,17.89,585.03,17.46,626.53,21.74,"2,547.28",101.83,801.03,30.3,"7,394.91",324.93
106,2012/12,"18,745.77",744.56,"1,086.97",29.16,617.45,21.81,701.6,21.63,893.81,40.99,954.54,36.23,"3,755.82",145.56,"1,182.2",45.31,"9,553.38",403.86
107,2013/01,"6,851.33",264.91,469.46,12.44,226.29,6.58,274.68,5.74,328.21,11.57,359.66,12.65,"1,348.58",59.52,437.96,18.59,"3,406.49",137.82
108,2013/02,"11,084.87",506.57,618.79,20.22,359.31,13.26,410.46,14,492,18.42,615.17,23.99,"1,984.4",72.66,710.07,40.99,"5,894.67",303.04
109,2013/03,"10,810.95",584.03,520.44,14.75,328.41,15.89,348.96,17.62,444.69,23.33,500.12,24.25,"1,945.51",93.22,726.92,50.87,"5,995.9",344.1
110,2013/04,"16,644.35","1,073.89",837.72,38.42,507.97,38.2,595.81,35.89,703.71,45.99,771.61,53.22,"2,879.95",178.84,"1,157.19",66.86,"9,190.39",616.47
111,2013/05,"16,471.85","1,190.94",806.22,41.6,418.99,37.43,518.71,35.86,669.25,46.81,738.5,50.13,"2,686.24",152.68,"1,080.24",84.69,"9,553.7",741.73
112,2013/06,"22,399.8","1,432.67","1,064.64",45.36,644.31,39.3,740.64,47.78,966.48,68.63,958.62,53.01,"3,438.78",219.47,"1,580.13",126.31,"13,006.2",832.8
113,2013/07,"10,201.61",523.92,606.16,15.72,310.36,11.49,369.1,8.61,506.06,21.11,520.33,33.95,"1,639.55",65.66,789.29,45.67,"5,460.76",321.71
114,2013/08,"6,365.13",336.56,313.12,10.95,170.39,6.39,196.9,7.53,253.35,10.97,263.89,11.8,991.19,45.85,438.15,29.28,"3,738.14",213.8
115,2013/09,"4,101.36",197.3,170.45,6.81,93.37,2.66,101.32,3.92,154.65,4.28,164.46,7.11,556.9,25.07,223.23,11.13,"2,636.98",136.33
116,2013/10,"4,717.63",271.03,181.44,4.49,100.06,4.34,113.54,4.27,162.84,3.65,159.76,7.71,583.59,30.56,237.89,10.03,"3,178.51",205.99
117,2013/11,"3,987.55",262.43,178.71,6.37,115.52,4.11,124.03,6.08,139.38,8.77,148.05,5.75,597.57,36.94,212.43,15.98,"2,471.86",178.43
118,2013/12,"3,739.17",217.98,168.73,8.25,103,4.74,112.51,5.25,155.02,8.88,187.05,10.89,647.17,35.37,196.59,12.81,"2,169.1",131.8
119,2014/01,"1,639.69",113.05,80.7,4.93,52.97,2.27,42.64,3.63,80.11,6.66,78.07,2.4,247.76,18.25,89.92,7.08,967.52,67.82
120,2014/02,"1,774.93",148.62,58.79,2.68,31.89,1.5,39.66,1.02,53.64,3.85,82.92,4.92,281.25,20.41,112.01,14.5,"1,114.76",99.73
121,2014/03,"1,828.53",200.59,52.61,3.42,34.02,2.69,42.68,5.74,56.25,3.91,78.96,7.24,250.57,28.6,93.52,8.45,"1,219.92",140.53
122,2014/04,"3,395.44",452.28,79.88,6.23,58.65,5.1,87.95,9.08,123.43,13.92,148.87,15.48,593.72,88.62,221.26,22.87,"2,081.67",290.99
123,2014/05,"4,977.84",798.17,144.54,10.29,109.41,7.07,157.15,14.91,217.33,31.56,301.05,47.36,949.11,169.07,334.21,53.63,"2,765.04",464.29
124,2014/06,"7,878.18","1,224.32",274.41,27.57,192.33,18.76,278.87,32.11,374.72,43.04,491.85,77.17,"1,540.15",260.33,563.94,92.68,"4,161.91",672.67
125,2014/07,"7,988.31","1,228.56",274.95,23.85,209.98,19.34,245.99,27.77,370.81,47.2,520.79,76.86,"1,462.18",236.85,515.13,76.63,"4,388.48",720.07
126,2014/08,"8,510.14","1,333.65",364.55,36.03,256.78,25.21,306.97,42.34,411.6,49.36,546.07,88.45,"1,583.07",255.93,643.63,104.34,"4,397.47",732
127,2014/09,"8,021.51","1,352.24",377.79,37.59,244.25,25.26,370.12,45.16,425.89,62.33,567,94.7,"1,542.74",275.23,698.54,115.5,"3,795.19",696.47
128,2014/10,"11,735.98","2,290.88",513.32,59.32,388.35,48.36,528.72,72.71,675.85,106.88,861.07,147.95,"1,809.49",350.65,"1,098.35",207.31,"5,860.83","1,297.7"
129,2014/11,"12,606.47","2,463.44",723.53,82.41,430.97,51.17,604.12,96.07,757.1,114.04,864.86,156.7,"1,853.25",372.78,"1,222.09",236.85,"6,150.53","1,353.43"
130,2014/12,"13,361.27","2,643.49",835.64,93.06,498.49,69.86,591.46,84.54,760.54,124.18,890.29,159.13,"1,886.69",380.06,"1,289.42",232.38,"6,608.76","1,500.27"
131,2015/01,"7,806.61","1,557.38",615.95,66.88,302.36,44.93,340.37,43.44,445.69,80.64,510.74,87.63,"1,021.57",198.76,756.2,143.83,"3,813.73",891.26
132,2015/02,"11,058.35","2,358.36","1,005.42",146.58,487.87,75.33,571.86,92.88,675.6,117.26,787.29,168.1,"1,326.22",297.67,"1,067.14",214.2,"5,136.95","1,246.35"
133,2015/03,"11,135.53","2,330.34",921.38,134.61,448.3,71.52,538.26,94.12,735.09,132.97,770.84,149.82,"1,501.55",346.24,"1,126.2",236.33,"5,093.91","1,164.74"
134,2015/04,"18,857.53","4,671.25","1,936.22",323.22,873.39,169.99,980.27,206.14,"1,311.75",271.01,"1,397.85",329.8,"2,517.51",654.44,"2,033.23",514.15,"7,807.31","2,202.49"
135,2015/05,"18,843.38","4,722.48","1,990.82",360.35,873.64,177.26,971.77,227.7,"1,352.59",291.56,"1,478.19",366.54,"2,520.2",643.5,"2,143.69",567.58,"7,512.48","2,087.99"
136,2015/06,"23,336.04","6,113.54","2,105.53",400.77,"1,059.43",207.81,"1,288.14",298.84,"1,614.48",374.96,"1,815.9",449.78,"3,306.58",912.81,"2,455.54",701.46,"9,690.43","2,767.1"
137,2015/07,"12,957.66","3,217.43","1,034.69",167.37,515.56,94.68,586.38,112.05,754.54,176.19,923.93,179.99,"1,689.49",421.89,"1,442.15",335.13,"6,010.91","1,730.14"
138,2015/08,"7,967.58","1,874.95",644.59,98.93,317.22,64.11,382.08,72.48,458.66,104.17,492.2,107.67,946.88,223.64,858.39,195.86,"3,867.57","1,008.08"
139,2015/09,"5,631.2","1,454.55",402.19,74.9,200.96,37.94,258.58,45.85,344.95,81.93,372.72,85.89,744.27,186.18,569.76,134.85,"2,737.77",807.01
140,2015/10,"6,004.36","1,679.79",319.66,57.03,197.39,34.54,246.33,49.66,254.43,61.25,365.44,85.51,710.86,203.89,570.44,148.68,"3,339.81","1,039.23"
141,2015/11,"9,389.88","2,864.93",589.51,121.72,358.38,85.64,442.96,115.55,573.1,166.3,663.25,175.6,"1,269.77",369.8,988.7,302.79,"4,504.21","1,527.53"
142,2015/12,"12,982.98","3,854.34",945.84,195.95,503.44,110.56,624.01,164.75,838.5,204.43,998.12,264.06,"1,693.06",510.62,"1,400.75",420.3,"5,979.26","1,983.68"
143,2016/01,"8,176.67","2,314.18",729.43,131.12,329.76,67.46,376.22,88.31,545.81,137.64,535.75,128.12,950.03,276.3,862.72,248.9,"3,846.94","1,236.34"
144,2016/02,"6,639.23","1,968.13",590.13,121.65,254.1,68.67,333.18,83.85,433.02,110.08,431.41,95.03,813.03,255.55,687.58,235.55,"3,096.79",997.75
145,2016/03,"8,331.89","2,697.95",773.8,175.55,354,97.38,437.25,128.67,539.93,147.43,624.86,201.51,"1,044.68",350.64,963.22,342.3,"3,594.15","1,254.46"
146,2016/04,"9,462.41","3,097.34",949.16,219.52,425.29,122.8,534.61,150.56,650.11,185.87,741.05,215.61,"1,323.32",435.58,982.23,346.57,"3,856.64","1,420.83"
147,2016/05,"8,133.66","2,775.98",769.23,187.85,370.82,98.69,432.64,126.15,564.51,172.93,622.37,192.5,"1,133.58",394.29,959.95,333.03,"3,280.56","1,270.54"
148,2016/06,"12,836.85","4,740.72","1,219.5",315.28,529.19,152.41,639.22,207.98,904.86,318.44,"1,063.98",381.81,"1,789.47",651.57,"1,410.92",546.02,"5,279.71","2,167.2"
149,2016/07,"18,784.15","7,310.81","1,584.48",431.79,778.24,264.57,935.12,335.53,"1,391.9",512.97,"1,503.82",581.49,"2,657.56","1,055.2","2,239.75",918.41,"7,693.3","3,210.85"
150,2016/08,"21,306.2","8,452.16","1,999.75",576.59,"1,013.2",329.94,"1,102.3",395.17,"1,485.9",551.8,"1,711.19",673.12,"3,007.91","1,203.66","2,615.38","1,073.36","8,370.57","3,648.51"
151,2016/09,"20,075.69","8,046.01","2,102.97",627.6,961,345.02,"1,097.97",381.75,"1,477.15",558.28,"1,605.57",649.44,"2,641.04","1,071.09","2,018.15",832.56,"8,171.83","3,580.27"
152,2016/10,"25,644.26","10,202.57","2,831.1",871.07,"1,274.02",440.62,"1,376.58",485.53,"1,853.6",668.54,"1,956.92",788.79,"3,135","1,247.28","2,692.96","1,166.34","10,524.07","4,534.42"
153,2016/11,"28,937.05","12,612.31","2,487.69",794.42,"1,247.4",472.01,"1,481.34",574.11,"2,006.26",793.58,"2,353.56",983.79,"4,099.8","1,842.73","3,501.85","1,621.17","11,759.16","5,530.5"
154,2016/12,"28,456.76","12,545.94","2,129.59",724.52,"1,120.79",424.99,"1,355.9",538.97,"1,820.25",786.71,"2,371.76","1,024.83","3,933.8","1,801.77","4,022.38","1,861.56","11,702.28","5,382.57"
155,2017/01,"18,773.16","8,047.17","1,621.72",551.27,777.82,292.65,957.91,347.41,"1,272.05",528.54,"1,589.94",675.65,"2,769.54","1,160.84","2,725.99","1,339.5","7,058.19","3,151.31"
156,2017/02,"24,120.8","9,935.86","2,062.09",668.66,958.98,360.58,"1,256.52",479.76,"1,640.16",670.24,"1,924.97",764.38,"3,519.6","1,447.39","3,301.9","1,426.81","9,456.58","4,118.04"
157,2017/03,"19,109.69","7,974.73","1,560.55",523.74,740.24,281.77,908.02,331.36,"1,297.89",492.36,"1,620.21",663.62,"2,942.13","1,300.28","2,547.2","1,057.84","7,493.45","3,323.75"
158,2017/04,"13,361.33","5,628.68",881.95,267.71,441.09,172.76,585.65,220.93,846.56,317.09,"1,139.3",475.39,"2,016.44",904.43,"1,807.76",823.73,"5,642.61","2,446.64"
159,2017/05,"12,384","5,352.81",838.02,259.37,411.27,144.94,528.05,195.85,770.8,312.65,"1,035.31",453.74,"1,792.7",814.7,"1,637.34",729.88,"5,370.53","2,441.66"
160,2017/06,"14,132.54","5,898.74",945.04,301.49,537.32,183.14,618.65,218.61,845.49,337.09,"1,085.28",443.92,"1,871.04",841.72,"1,782.68",763.99,"6,447.05","2,808.78"
161,2017/07,"10,545.53","4,232.82",735.41,220.09,419.81,136.94,437.53,158.44,590.03,208.79,736.91,281.44,"1,241.57",490.26,"1,117.14",454.06,"5,267.13","2,282.79"
162,2017/08,"10,967.73","4,417.59",872.48,277.05,445.79,144.17,452.93,171.1,621.98,219.1,813.49,314.16,"1,457.56",574.36,"1,076.85",433.42,"5,226.66","2,284.24"
163,2017/09,"11,465.51","4,871.12",836.24,291.41,391.04,136.5,462.19,147.56,668.89,259.08,894.15,362,"1,587.63",657.42,"1,110.97",445.68,"5,514.41","2,571.46"
164,2017/10,"9,591.33","4,173.98",610.62,211.46,327.19,107.39,344.86,124.33,526.12,215.52,616.58,277,"1,351.32",510.09,885.41,381.99,"4,929.25","2,346.2"
165,2017/11,"14,146.06","6,298.92",801.33,276.84,366.26,138.93,498.93,192.12,706.94,283.76,921.43,399.28,"1,876.95",770.75,"1,283.05",550.9,"7,691.17","3,686.35"
166,2017/12,"15,626.42","7,120.97",863.25,312.69,456.22,159.19,495.68,171.68,709.68,281.01,"1,006.36",405.46,"2,050.05",853.63,"1,297.6",588.31,"8,747.57","4,349"
167,2018/01,"14,423.21","6,579.42",712.54,244.35,384.37,143.01,499.66,171.88,612.49,225.23,895.09,354.39,"2,018.47",856.03,"1,188.33",514.42,"8,112.26","4,070.1"
168,2018/02,"16,232.87","7,556.39",745.93,252.26,420.45,157.88,502.35,174.2,796.94,343.61,990.81,401.47,"2,220.72",952.61,"1,472.17",675.08,"9,083.51","4,599.28"
169,2018/03,"15,988.72","7,719.43",714.98,222.19,333.52,108.86,500.69,189.18,801.17,307.67,"1,101.31",453.04,"2,177.86",952.31,"1,543.76",706.43,"8,815.44","4,779.76"
170,2018/04,"13,142.95","6,440.84",555.83,176.39,340.13,111.29,396.01,148.71,625.67,237.97,703.3,274.37,"1,777.53",804.28,"1,178.71",572.95,"7,565.77","4,114.88"
171,2018/05,"11,553.93","5,684.12",471.31,146.31,320.07,130.18,323.95,126.18,507.33,194.91,745.75,294.63,"1,612.84",718.67,978.27,452.68,"6,594.4","3,620.56"
172,2018/06,"12,854.75","6,279.29",519.12,164.69,339.88,113.97,386.21,125.13,583.98,238.04,768.35,334.55,"1,977.11",912.46,"1,116.67",492.34,"7,163.43","3,898.12"
173,2018/07,"11,884.59","6,195.3",428.03,130.43,221.14,66.96,356.27,138.61,479.77,216.34,797.56,385.1,"1,525.4",743.09,"1,115.87",515.13,"6,960.56","3,999.63"
174,2018/08,"11,609.22","6,197.28",442.02,155.08,271.93,109.45,295.91,120.09,574.56,261.02,824.96,401.67,"1,538.65",757.31,"1,086.34",547.76,"6,574.85","3,844.89"
175,2018/09,"9,520.82","5,198.18",342.72,126.09,206.96,85.6,256.57,103.18,480.12,214.95,600.13,303.51,"1,331.09",686.84,886.23,442.03,"5,417","3,235.98"
176,2018/10,"14,870.11","8,265.21",582.15,232.64,359.04,139.66,428.78,185.87,640.75,300.04,"1,055.2",532.32,"2,177.88","1,070.11","1,285.4",667.98,"8,340.91","5,136.59"
177,2018/11,"16,530.09","9,301.72",720.35,289.35,417.46,163.59,498.33,231.45,735.01,351.12,"1,166.38",583.07,"2,411.96","1,259.49","1,412.22",738.33,"9,168.38","5,685.33"
178,2018/12,"13,827.52","8,037.92",516.88,218.83,343.96,144.98,403.54,190.32,576.58,269.81,763.47,377.27,"1,793.54",937.3,"1,134.84",645.21,"8,294.7","5,254.2"
179,2019/01,"14,372.77","8,748.73",521.55,223.48,345.4,162.41,383.75,177.7,544.42,284.26,844.44,481.63,"1,787.4","1,027.97","1,361.31",784.79,"8,584.51","5,606.49"
180,2019/02,"12,475.65","7,871.44",442.97,202.39,259.12,129.05,355.27,184.97,503.37,265.36,697.05,384.6,"1,489.38",899.23,"1,087.69",676.11,"7,640.81","5,129.72"
181,2019/03,"12,547.33","8,167.3",451.29,226.66,282.39,146.78,339.29,171.31,481.76,273.46,716.68,429.47,"1,552.1",953.07,"1,123.6",703.99,"7,600.23","5,262.55"
182,2019/04,"10,062.27","6,723.54",326.74,169.25,174.78,88.25,271.8,154.64,306.45,182.88,610.42,375.13,"1,346.99",852.25,918.27,619.68,"6,106.81","4,281.47"
183,2019/05,"8,735.75","6,005.22",324.5,174.58,176.93,99.98,252.48,150.22,374.21,231.54,580.22,367.77,"1,212.14",790.04,849.96,557.98,"4,965.31","3,633.12"
184,2019/06,"9,997.23","7,016.68",385.14,224,244.1,152.93,336.11,215.27,449.28,294.89,640.14,437.95,"1,415.74",930.54,964.4,675.9,"5,562.33","4,085.2"
185,2019/07,"12,981.65","9,452.98",611.81,388.65,411.97,262.67,509.4,356.2,667.31,468.94,"1,001.89",723.92,"2,045.19","1,449.88","1,203.96",889.67,"6,530.13","4,913.06"
186,2019/08,"16,583.3","12,184.69",930.73,585.99,501.83,354.55,655.22,449.94,944.95,676.21,"1,292.09",934.59,"2,548.31","1,847.89","1,581.85","1,192.84","8,128.33","6,142.67"
187,2019/09,"19,437.67","14,558.93","1,273.87",846.17,651.75,476.88,824.57,606.19,"1,162.78",838.06,"1,653.51","1,174.85","3,377.04","2,507.36","1,860.55","1,430.57","8,633.6","6,678.85"
188,2019/10,"38,270.91","29,265.2","3,092.85","2,138.69","1,671.07","1,228.75","2,008.98","1,510.31","2,638.32","1,990.27","3,485.56","2,653.12","6,407.53","4,915.4","3,971.73","3,119.18","14,994.88","11,709.46"
189,2019/11,"74,294.33","56,678.84","6,573.03","4,611.13","3,537.31","2,578.92","4,065.31","3,034.55","5,354.93","4,038.73","6,912.12","5,297.34","11,564.08","8,846","8,637.29","6,663.51","27,650.25","21,608.65"
190,2019/12,"81,050.06","62,951.69","6,648.67","4,757.03","3,307.33","2,490.64","4,011.78","3,049.31","5,110.77","3,914.44","7,204.35","5,560.94","11,667.03","9,033.93","9,258.66","7,307.45","33,841.48","26,837.95"
191,2020/01,"65,743.25","51,985","4,641.81","3,425.83","2,463.92","1,875.43","2,903.73","2,247.71","3,839.95","3,002.19","5,441.99","4,293.94","8,817.19","7,015.31","7,548.06","5,963.26","30,086.6","24,161.34"
192,2020/02,"58,477.15","47,429.37","4,036.37","3,007.81","2,151.54","1,672.76","2,576.08","2,015.06","3,513.69","2,818.38","4,992.57","4,045.25","8,120.39","6,681.86","6,431.04","5,239.68","26,655.48","21,948.56"
193,2020/03,"51,674.16","42,216.82","3,610.61","2,725.81","1,928.62","1,508.85","2,311.88","1,829.48","3,127.31","2,501.16","4,607.13","3,743.15","6,929.65","5,702.22","6,238.97","5,162.08","22,919.99","19,044.07"
194,2020/04,"23,186.97","19,400.85","1,584.4","1,225.66",869.52,695.26,"1,054.43",853.67,"1,343.55","1,088.11","2,013.11","1,666.29","3,492","2,956.03","2,736.94","2,288.66","10,093.02","8,627.16"
195,2020/05,"19,484","16,542.04","1,621.32","1,267.87",843.08,677.61,937.66,767.35,"1,261.25","1,031.28","1,703.84","1,448.82","2,882.72","2,476.39","2,196.92","1,893.75","8,037.21","6,978.98"
196,2020/06,"19,186.42","16,629.35","1,193.41",933.05,674.85,561.71,797.17,644.32,"1,018.26",843.44,"1,670.92","1,460.36","2,776.88","2,426.02","2,241.33","1,947.86","8,813.6","7,812.59"
197,2020/07,"16,377.03","14,478.3",873.31,699.69,510.74,418.61,611.93,506.2,890.16,748.02,"1,350.62","1,196.15","2,312.09","2,061.33","1,788.85","1,587.47","8,039.33","7,260.81"
198,2020/08,"19,231.56","17,333.1",969.05,784.68,578.85,486.33,717.3,612.94,"1,003.99",883.1,"1,728.91","1,545.72","3,295.69","2,997.45","1,863.35","1,670.49","9,074.42","8,352.38"
199,2020/09,"21,760.28","19,718.31","1,363.03","1,139.92",733.31,625.38,894.49,794.64,"1,176.02","1,027.13","2,183.39","1,972.31","4,004.2","3,646.45","2,268.6","2,087.07","9,137.25","8,425.42"
200,2020/10,"25,558.73","23,361.14","1,524.23","1,300.35",867.84,763.5,"1,035.3",918.7,"1,484.66","1,309.55","2,383.32","2,171.97","4,893.29","4,488.62","2,377.45","2,178.87","10,992.65","10,229.58"
201,2020/11,"27,397.69","25,109.19","1,502.96","1,299.14",948.95,824.22,"1,014.3",897.45,"1,472.67","1,313.3","2,328.43","2,118.47","5,108.69","4,682.78","2,735.65","2,543.74","12,286.05","11,430.09"
202,2020/12,"36,138.8","33,232.45","1,912.32","1,641.64","1,160.76","1,031.13","1,268.93","1,140.85","1,749.49","1,572.28","2,846.15","2,599.99","7,121.63","6,569.98","3,351.39","3,101.22","16,728.13","15,575.37"
203,2021/01,"27,133.34","25,193.31","1,324.05","1,167.12",803.02,715.16,840.1,753.18,"1,392.94","1,280.87","2,301.06","2,141.69","6,153.11","5,696.16","2,491.96","2,300.99","11,827.1","11,138.14"
204,2021/02,"29,039.86","27,159.87","1,239.3","1,084.04",759.81,679.64,908.87,821.4,"1,408.11","1,289.1","2,843.27","2,636.98","6,866.62","6,442.71","2,586.89","2,439.51","12,427.02","11,766.49"
205,2021/03,"28,828.68","27,108.86","1,202.03","1,068.68",726.56,666.13,925.21,834.37,"1,450.18","1,338.14","2,812.87","2,632.31","6,971.28","6,523.84","2,893.62","2,751.38","11,846.93","11,294.01"
206,2021/04,"25,999.04","24,567.47","1,095.19",983.1,672.21,623.96,817.52,749.4,"1,240.58","1,143.87","2,457.38","2,309.9","6,336.84","5,971.07","2,407.74","2,286.26","10,971.58","10,499.91"
207,2021/05,"23,814.91","22,633.22",815.18,732.76,496.6,456.93,667.88,618.89,930.64,871.27,"2,290.34","2,171.99","6,033.43","5,736.29","2,406.5","2,282.52","10,174.34","9,762.57"
208,2021/06,"19,621.82","18,698.5",710.61,647.64,450.05,417.66,509.16,467.82,794.96,749.21,"1,772.17","1,675.95","4,631.19","4,393.19","1,924.98","1,832.69","8,828.7","8,514.34"
209,2021/07,"20,642.38","19,845.75",710.34,651.46,420.87,391.09,560.54,533,871.35,825.79,"1,958.78","1,880.93","4,697.93","4,503.75","2,119.81","2,043.78","9,302.75","9,015.95"
210,2021/08,"20,661.66","20,016.05",700.91,656.35,451.69,425.45,570,546.2,826.56,784.39,"1,408.72","1,347.65","5,186.98","5,015.57","1,748.61","1,702.57","9,768.19","9,537.85"
211,2021/09,"19,721.49","19,191.95",682.73,637.77,401.73,383.58,548.1,529.48,831.27,797.7,"1,227.68","1,177.2","5,248.73","5,114.53","1,731.88","1,685.74","9,049.37","8,865.94"
212,2021/10,"19,578.05","19,037.69",720.72,680.92,384.73,365.3,495.69,474.82,838.09,802.73,"1,295.35","1,256.49","5,559.28","5,406.24","1,548.56","1,503.52","8,735.63","8,547.66"
213,2021/11,"17,126.12","16,631.65",643.91,607.36,392.84,373.13,540.95,512.88,757.38,726.04,"1,096.96","1,058.91","5,254.26","5,111.75","1,250.89","1,210.96","7,188.93","7,030.63"
214,2021/12,"10,398.26","10,105.72",418.45,399.48,311.13,298.11,345.02,330.97,536.08,515.98,716.73,690.37,"3,173.63","3,076.78",727.68,708.85,"4,169.54","4,085.18"
215,2022/01,"8,126.86","7,935.68",373.65,360.52,221.77,214.85,254.49,249.91,418.56,400.54,546.8,526.85,"2,146.57","2,094.47",581.67,570.01,"3,583.35","3,518.52"
216,2022/02,"6,525.1","6,399.62",272.69,263.15,179.69,173.03,237.31,232.95,335.97,324.51,437.73,425.25,"1,563.67","1,531.41",509.92,497.2,"2,988.12","2,952.12"
217,2022/03,"3,133.66","3,081.32",123.78,118.31,90.15,89.23,118.75,115.92,156,151.59,175.53,169,769.03,752.38,231.89,230.41,"1,468.54","1,454.48"
218,2022/04,"1,719.19","1,702",100.97,99.77,64.64,63.39,61.67,61.42,103.65,103.12,124.25,122.64,458.81,451.47,117.57,116.7,687.63,683.49
219,2022/05,144.9,143.76,10.29,10.25,8.1,8.08,12.18,12.15,17.65,17.61,9.2,9.17,31.28,31.21,7.86,7.85,48.34,47.45
"    ※ 자료 : 공사가 금융기관으로부터 양수한 자산(보금자리론 및 내집마련 디딤돌대출)											
											
1) 자료시점 : 대출취급일 기준											
2) LTV (담보대출비율) = (대출금액 + 선순위채권 + 임차보증금 및 최우선변제 소액임차보증금) / 주택의 담보가치 *100											
※ 평균 LTV(Loan to Value) : 56.6% ('04.3월~'21.12월말까지 양수 자산 기준)",,,,,,,,,,,,,,,,,,,
    통계기호 : 【e】추정치 | 【p】잠정치 | 【r】정정치 | 【···】미상자료 | 【△】비교불가 | 【*】5건이하 | 【s】정보보호,,,,,,,,,,,,,,,,,,,